{
    "$schema": "https://schema.management.azure.com/schemas/2015-01-01/deploymentTemplate.json#",
    "contentVersion": "1.0.0.0",
    "parameters": {
        "containerGroups_rabbitmqsigo_name": {
            "defaultValue": "rabbitmqsigo",
            "type": "String"
        }
    },
    "variables": {},
    "resources": [
        {
            "type": "Microsoft.ContainerInstance/containerGroups",
            "apiVersion": "2019-12-01",
            "name": "[parameters('containerGroups_rabbitmqsigo_name')]",
            "location": "eastus",
            "properties": {
                "sku": "Standard",
                "containers": [
                    {
                        "name": "[parameters('containerGroups_rabbitmqsigo_name')]",
                        "properties": {
                            "image": "docker.io/library/rabbitmq:latest",
                            "ports": [
                                {
                                    "protocol": "TCP",
                                    "port": 80
                                },
                                {
                                    "protocol": "TCP",
                                    "port": 15672
                                },
                                {
                                    "protocol": "TCP",
                                    "port": 5672
                                }
                            ],
                            "environmentVariables": [],
                            "resources": {
                                "requests": {
                                    "memoryInGB": 1.5,
                                    "cpu": 1
                                }
                            }
                        }
                    }
                ],
                "initContainers": [],
                "restartPolicy": "OnFailure",
                "ipAddress": {
                    "ports": [
                        {
                            "protocol": "TCP",
                            "port": 80
                        },
                        {
                            "protocol": "TCP",
                            "port": 15672
                        },
                        {
                            "protocol": "TCP",
                            "port": 5672
                        }
                    ],
                    "ip": "52.149.194.79",
                    "type": "Public"
                },
                "osType": "Linux"
            }
        }
    ]
}